"Name","Calls","TotalDurationNs","AverageNs","Percentage"
"Cijk_Alik_Bljk_BBS_BH_MT256x256x32_MI32x32x8x1_SN_1LDSB1_APM1_ABV0_ACED0_AF0EM1_AF1EM1_AMAS3_ASE_ASGT_ASLT_ASM_ASAE01_ASCE01_ASEM1_AAC0_BL1_BS1_CLR0_DTLA0_DTLB0_DTVA0_DTVB0_DVO0_ETSP_EPS1_ELFLR0_EMLL0_FSSC10_FL0_GLVWA8_GLVWB8_GRCGA1_GRCGB1_GRPM1_GRVW8_GSU1_GSUASB_GLS0_ISA942_IU1_K1_KLA_LBSPPA128_LBSPPB128_LPA8_LPB8_LDL1_LRVW8_LWPMn1_LDW0_FMA_MIAV0_MDA2_MO40_MMFSC_MKFGSU256_NTA0_NTB0_NTC3_NTD2_NEPBS0_NLCA1_NLCB1_ONLL1_OPLV0_PK0_PAP0_PGR2_PLR5_SIA3_SS1_SU32_SUM0_SUS128_SCIUI1_SPO1_SRVW0_SSO8_SVW2_SNLL0_TSGRA0_TSGRB0_TT2_256_TLDS1_UMLDSA1_UMLDSB1_U64SL1_USFGROn1_VAW1_VSn1_VW2_VWB2_VFLRP0_WSGRA0_WSGRB0_WS64_WG128_2_1_WGM4.kd",26880,39503782059,1469634,33.816044558582924
"Cijk_Alik_Bljk_BBS_BH_MT192x32x128_MI16x16x16x1_SN_1LDSB1_APM1_ABV0_ACED0_AF0EM8_AF1EM1_AMAS3_ASE_ASGT_ASLT165_ASM_ASAE01_ASCE01_ASEM1_AAC0_BL1_BS1_CLR0_DTLA0_DTLB0_DTVA0_DTVB0_DVO0_ETSP_EPS1_ELFLR0_EMLL0_FSSC10_FL0_GLVWA8_GLVWB8_GRCGA1_GRCGB1_GRPM1_GRVWn1_GSU1_GSUASB_GLS0_ISA942_IU1_K1_KLA_LBSPPA512_LBSPPB256_LPA16_LPB16_LDL1_LRVW8_LWPMn1_LDW0_FMA_MIAV1_MDA2_MO40_MMFSC_MKFGSU256_NTA0_NTB0_NTC0_NTD0_NEPBS0_NLCA1_NLCB1_ONLL1_OPLV0_PK0_PAP0_PGR2_PLR9_SIA3_SS1_SU4_SUM0_SUS256_SCIUI1_SPO0_SRVW0_SSO0_SVW2_SNLL0_TSGRA0_TSGRB0_TT6_16_TLDS1_UMLDSA1_UMLDSB1_U64SL1_USFGROn1_VAW1_VSn1_VW2_VWB1_VFLRP0_WSGRA1_WSGRB1_WS64_WG32_8_1_WGM1.kd",37615,13641669538,362665,11.67754784241914
"void vllm::paged_attention_v1_kernel<__hip_bfloat16, __hip_bfloat16, 128, 16, 1024, (vllm::Fp8KVCacheDataType)0, false>(__hip_bfloat16*, __hip_bfloat16 const*, __hip_bfloat16 const*, __hip_bfloat16 const*, int, float, int const*, int const*, int, float const*, int, int, int, float, int, int, int, int, int) [clone .kd]",53440,9554056082,178780,8.178467208572147
"Cijk_Alik_Bljk_BBS_BH_MT192x16x128_MI16x16x16x1_SN_1LDSB1_APM1_ABV0_ACED0_AF0EM8_AF1EM1_AMAS0_ASE_ASGT_ASLT133_ASM_ASAE01_ASCE01_ASEM1_AAC0_BL1_BS1_CLR0_DTLA0_DTLB0_DTVA0_DTVB0_DVO0_ETSP_EPS1_ELFLR0_EMLL0_FSSC10_FL0_GLVWA4_GLVWB8_GRCGA1_GRCGB1_GRPM1_GRVWn1_GSU1_GSUASB_GLS0_ISA942_IU1_K1_KLA_LBSPPA256_LBSPPB256_LPA16_LPB16_LDL1_LRVW8_LWPMn1_LDW0_FMA_MIAV1_MDA2_MO40_MMFSC_MKFGSU256_NTA0_NTB0_NTC0_NTD0_NEPBS0_NLCA1_NLCB1_ONLL1_OPLV0_PK0_PAP0_PGR2_PLR9_SIA3_SS0_SU8_SUM0_SUS256_SCIUI1_SPO0_SRVW0_SSO0_SVW4_SNLL0_TSGRA0_TSGRB0_TT3_16_TLDS1_UMLDSA1_UMLDSB1_U64SL1_USFGROn1_VAW1_VSn1_VW1_VWB1_VFLRP0_WSGRA1_WSGRB1_WS64_WG64_4_1_WGM1.kd",38437,8952846556,232922,7.663819570786573
"Cijk_Alik_Bljk_BBS_BH_MT256x224x64_MI16x16x16x1_SN_1LDSB1_APM1_ABV0_ACED0_AF0EM8_AF1EM8_AMAS3_ASE_ASGT3128_ASLT_ASM_ASAE01_ASCE01_ASEM1_AAC0_BL1_BS1_CLR0_DTLA0_DTLB0_DTVA0_DTVB0_DVO0_ETSP_EPS1_ELFLR0_EMLL0_FSSC10_FL0_GLVWA2_GLVWB2_GRCGA1_GRCGB1_GRPM1_GRVW2_GSU1_GSUASB_GLS0_ISA942_IU1_K1_KLA_LBSPPA256_LBSPPB128_LPA4_LPB4_LDL1_LRVW4_LWPMn1_LDW0_FMA_MIAV0_MDA2_MO40_MMFSC_MKFGSU256_NTA0_NTB0_NTC0_NTD0_NEPBS16_NLCA1_NLCB1_ONLL1_OPLV0_PK0_PAP0_PGR2_PLR5_SIA3_SS1_SU8_SUM0_SUS128_SCIUI1_SPO0_SRVW0_SSO4_SVW2_SNLL0_TSGRA0_TSGRB0_TT8_112_TLDS1_UMLDSA1_UMLDSB1_U64SL1_USFGROn1_VAW1_VSn1_VW2_VWB1_VFLRP0_WSGRA1_WSGRB0_WS64_WG32_8_1_WGM16.kd",8000,5213192586,651649,4.462599366241865
"Cijk_Alik_Bljk_BBS_BH_MT256x256x32_MI32x32x8x1_SN_1LDSB1_APM1_ABV0_ACED0_AF0EM1_AF1EM1_AMAS3_ASE_ASGT_ASLT_ASM_ASAE01_ASCE01_ASEM1_AAC0_BL1_BS1_CLR0_DTLA0_DTLB0_DTVA0_DTVB0_DVO0_ETSP_EPS1_ELFLR0_EMLL0_FSSC10_FL0_GLVWA8_GLVWB8_GRCGA1_GRCGB1_GRPM1_GRVW8_GSU1_GSUASB_GLS0_ISA942_IU1_K1_KLA_LBSPPA128_LBSPPB128_LPA8_LPB8_LDL1_LRVW8_LWPMn1_LDW0_FMA_MIAV0_MDA2_MO40_MMFSC_MKFGSU256_NTA0_NTB0_NTC2_NTD3_NEPBS0_NLCA1_NLCB1_ONLL2_OPLV0_PK0_PAP0_PGR2_PLR5_SIA3_SS1_SU32_SUM0_SUS64_SCIUI1_SPO1_SRVW0_SSO6_SVW2_SNLL0_TSGRA0_TSGRB0_TT2_256_TLDS1_UMLDSA1_UMLDSB1_U64SL1_USFGROn1_VAW1_VSn1_VW2_VWB2_VFLRP0_WSGRA0_WSGRB0_WS64_WG128_2_1_WGM18.kd",1920,5026856447,2618154,4.303091824156721
"Cijk_Alik_Bljk_BBS_BH_MT16x32x256_MI16x16x16x1_SN_1LDSB1_APM1_ABV0_ACED0_AF0EM8_AF1EM1_AMAS0_ASE_ASGT_ASLT165_ASM_ASAE01_ASCE01_ASEM1_AAC0_BL1_BS1_CLR0_DTLA0_DTLB0_DTVA0_DTVB0_DVO0_ETSP_EPS1_ELFLR0_EMLL0_FSSC10_FL0_GLVWA8_GLVWB8_GRCGA1_GRCGB1_GRPM1_GRVW8_GSU1_GSUASB_GLS1_ISA942_IU1_K1_KLA_LBSPPA512_LBSPPB512_LPA16_LPB16_LDL1_LRVW8_LWPMn1_LDW0_FMA_MIAV1_MDA2_MO40_MMFSC_MKFGSU256_NTA0_NTB0_NTC0_NTD0_NEPBS0_NLCA1_NLCB1_ONLL1_OPLV0_PK0_PAP0_PGR2_PLR5_SIA3_SS1_SU0_SUM0_SUS0_SCIUI1_SPO1_SRVW0_SSO0_SVW1_SNLL0_TSGRA0_TSGRB0_TT1_32_TLDS1_UMLDSA1_UMLDSB1_U64SL1_USFGROn1_VAW1_VSn1_VW1_VWB1_VFLRP0_WSGRA0_WSGRB0_WS64_WG16_4_4_WGM1.kd",56160,4427613483,78839,3.7901276036226865
"Cijk_Alik_Bljk_BBS_BH_MT128x16x128_MI16x16x16x1_SN_1LDSB1_APM1_ABV0_ACED0_AF0EM8_AF1EM1_AMAS0_ASE_ASGT_ASLT133_ASM_ASAE01_ASCE01_ASEM1_AAC0_BL1_BS1_CLR0_DTLA0_DTLB0_DTVA0_DTVB0_DVO0_ETSP_EPS1_ELFLR0_EMLL0_FSSC10_FL0_GLVWA8_GLVWB8_GRCGA1_GRCGB1_GRPM1_GRVWn1_GSU4_GSUAMB_GLS0_ISA942_IU1_K1_KLA_LBSPPA256_LBSPPB256_LPA16_LPB16_LDL1_LRVW8_LWPMn1_LDW0_FMA_MIAV1_MDA2_MO40_MMFSC_MKFGSU256_NTA0_NTB0_NTC0_NTD0_NEPBS0_NLCA1_NLCB1_ONLL1_OPLV0_PK0_PAP0_PGR2_PLR9_SIA3_SS0_SU4_SUM0_SUS256_SCIUI1_SPO0_SRVW0_SSO0_SVW4_SNLL0_TSGRA0_TSGRB0_TT2_16_TLDS1_UMLDSA1_UMLDSB1_U64SL1_USFGROn1_VAW1_VSn1_VW1_VWB1_VFLRP0_WSGRA1_WSGRB1_WS64_WG64_4_1_WGM1.kd",37920,4278051697,112817,3.662099659055668
"Cijk_Alik_Bljk_BBS_BH_MT16x16x256_MI16x16x16x1_SN_1LDSB1_APM1_ABV0_ACED0_AF0EM8_AF1EM1_AMAS0_ASE_ASGT_ASLT133_ASM_ASAE01_ASCE01_ASEM1_AAC0_BL1_BS1_CLR0_DTLA0_DTLB0_DTVA0_DTVB0_DVO0_ETSP_EPS0_ELFLR0_EMLL0_FSSC10_FL0_GLVWA8_GLVWB8_GRCGA1_GRCGB1_GRPM1_GRVW8_GSU1_GSUASB_GLS0_ISA942_IU1_K1_KLA_LBSPPA512_LBSPPB512_LPA16_LPB16_LDL1_LRVW8_LWPMn1_LDW0_FMA_MIAV1_MDA2_MO40_MMFSC_MKFGSU256_NTA0_NTB0_NTC0_NTD0_NEPBS16_NLCA1_NLCB1_ONLL0_OPLV0_PK0_PAP0_PGR2_PLR5_SIA3_SS0_SU0_SUM0_SUS0_SCIUI1_SPO1_SRVW0_SSO0_SVW4_SNLL0_TSGRA0_TSGRB0_TT1_16_TLDS1_UMLDSA1_UMLDSB1_U64SL1_USFGROn1_VAW1_VSn1_VW1_VWB1_VFLRP0_WSGRA1_WSGRB0_WS64_WG16_4_4_WGM1.kd",75840,3872572393,51062,3.3150010903371494
"attn_fwd.kd",824,2985502915,3623183,2.5556514931313608
"Cijk_Alik_Bljk_BBS_BH_MT256x256x32_MI32x32x8x1_SN_1LDSB1_APM1_ABV0_ACED0_AF0EM1_AF1EM1_AMAS3_ASE_ASGT_ASLT_ASM_ASAE01_ASCE01_ASEM1_AAC0_BL1_BS1_CLR0_DTLA0_DTLB0_DTVA0_DTVB0_DVO0_ETSP_EPS1_ELFLR0_EMLL0_FSSC10_FL0_GLVWA8_GLVWB8_GRCGA1_GRCGB1_GRPM1_GRVW8_GSU1_GSUASB_GLS0_ISA942_IU1_K1_KLA_LBSPPA128_LBSPPB128_LPA8_LPB8_LDL1_LRVW8_LWPMn1_LDW0_FMA_MIAV0_MDA2_MO40_MMFSC_MKFGSU256_NTA0_NTB0_NTC2_NTD2_NEPBS0_NLCA1_NLCB1_ONLL1_OPLV0_PK0_PAP0_PGR2_PLR5_SIA3_SS1_SU32_SUM0_SUS64_SCIUI1_SPO1_SRVW0_SSO8_SVW2_SNLL0_TSGRA0_TSGRB0_TT2_256_TLDS1_UMLDSA1_UMLDSB1_U64SL1_USFGROn1_VAW1_VSn1_VW2_VWB2_VFLRP0_WSGRA0_WSGRB0_WS64_WG128_2_1_WGM19.kd",240,2384685132,9936188,2.041339195357629
"_ZN4vllm25fused_add_rms_norm_kernelIN3c108BFloat16ELi8EEENSt9enable_ifIXooeqT0_Li0Entsr12_typeConvertIT_EE6existsEvE4typeEPS4_S7_PKS4_fii.kd",166720,2379539413,14272,2.0369343547595804
"void vllm::paged_attention_v2_kernel<__hip_bfloat16, __hip_bfloat16, 128, 16, 1024, (vllm::Fp8KVCacheDataType)0, false, 1024>(float*, float*, __hip_bfloat16*, __hip_bfloat16 const*, __hip_bfloat16 const*, __hip_bfloat16 const*, int, float, int const*, int const*, int, float const*, int, int, int, float, int, int, int, int, int) [clone .kd]",29520,2118111753,71751,1.813146936476374
"Cijk_Alik_Bljk_BBS_BH_MT128x32x128_MI16x16x16x1_SN_1LDSB1_APM1_ABV0_ACED0_AF0EM8_AF1EM1_AMAS3_ASE_ASGT_ASLT133_ASM_ASAE01_ASCE01_ASEM1_AAC0_BL1_BS1_CLR0_DTLA0_DTLB0_DTVA0_DTVB0_DVO0_ETSP_EPS1_ELFLR0_EMLL0_FSSC10_FL0_GLVWA8_GLVWB8_GRCGA1_GRCGB1_GRPM1_GRVWn1_GSU4_GSUAMB_GLS1_ISA942_IU1_K1_KLA_LBSPPA1024_LBSPPB256_LPA16_LPB16_LDL1_LRVW8_LWPMn1_LDW0_FMA_MIAV1_MDA2_MO40_MMFSC_MKFGSU256_NTA0_NTB0_NTC0_NTD0_NEPBS0_NLCA1_NLCB1_ONLL1_OPLV0_PK0_PAP0_PGR2_PLR5_SIA3_SS1_SU4_SUM0_SUS256_SCIUI1_SPO1_SRVW0_SSO0_SVW4_SNLL0_TSGRA0_TSGRB0_TT4_32_TLDS1_UMLDSA1_UMLDSB1_U64SL1_USFGROn1_VAW1_VSn1_VW4_VWB1_VFLRP0_WSGRA1_WSGRB1_WS64_WG32_4_2_WGM1.kd",18240,2107794898,115558,1.8043154978089728
"void vllm::act_and_mul_kernel<c10::BFloat16, &(c10::BFloat16 vllm::silu_kernel<c10::BFloat16>(c10::BFloat16 const&))>(c10::BFloat16*, c10::BFloat16 const*, int) [clone .kd]",83360,2072255088,24859,1.7738926943222428
"Cijk_Alik_Bljk_BBS_BH_MT64x32x256_MI16x16x16x1_SN_1LDSB1_APM1_ABV0_ACED0_AF0EM8_AF1EM1_AMAS0_ASE_ASGT_ASLT1129_ASM_ASAE01_ASCE01_ASEM1_AAC0_BL1_BS1_CLR0_DTLA0_DTLB0_DTVA0_DTVB0_DVO0_ETSP_EPS1_ELFLR0_EMLL0_FSSC10_FL0_GLVWA8_GLVWB8_GRCGA1_GRCGB1_GRPM1_GRVW8_GSU1_GSUASB_GLS1_ISA942_IU1_K1_KLA_LBSPPA512_LBSPPB512_LPA16_LPB16_LDL1_LRVW8_LWPMn1_LDW0_FMA_MIAV1_MDA2_MO40_MMFSC_MKFGSU256_NTA0_NTB0_NTC0_NTD0_NEPBS16_NLCA1_NLCB1_ONLL1_OPLV0_PK0_PAP0_PGR2_PLR5_SIA3_SS1_SU0_SUM0_SUS0_SCIUI1_SPO0_SRVW0_SSO0_SVW1_SNLL0_TSGRA0_TSGRB0_TT4_32_TLDS1_UMLDSA1_UMLDSB1_U64SL1_USFGROn1_VAW1_VSn1_VW1_VWB1_VFLRP0_WSGRA0_WSGRB0_WS64_WG16_4_4_WGM1.kd",13120,1377591811,104999,1.1792467362932337
"Cijk_Alik_Bljk_BBS_BH_MT16x32x128_MI16x16x16x1_SN_1LDSB1_APM1_ABV0_ACED0_AF0EM8_AF1EM1_AMAS0_ASE_ASGT_ASLT133_ASM_ASAE01_ASCE01_ASEM1_AAC0_BL1_BS1_CLR0_DTLA0_DTLB0_DTVA0_DTVB0_DVO0_ETSP_EPS1_ELFLR0_EMLL0_FSSC10_FL0_GLVWA8_GLVWB8_GRCGA1_GRCGB1_GRPM1_GRVW8_GSU1_GSUASB_GLS1_ISA942_IU1_K1_KLA_LBSPPA256_LBSPPB256_LPA16_LPB16_LDL1_LRVW8_LWPMn1_LDW0_FMA_MIAV1_MDA2_MO40_MMFSC_MKFGSU256_NTA0_NTB0_NTC0_NTD0_NEPBS0_NLCA1_NLCB1_ONLL1_OPLV0_PK0_PAP0_PGR2_PLR5_SIA3_SS0_SU0_SUM0_SUS0_SCIUI1_SPO0_SRVW0_SSO4_SVW4_SNLL0_TSGRA0_TSGRB0_TT1_32_TLDS1_UMLDSA1_UMLDSB1_U64SL1_USFGROn1_VAW1_VSn1_VW1_VWB1_VFLRP0_WSGRA0_WSGRB0_WS64_WG16_4_2_WGM1.kd",18240,1124273067,61637,0.9624007157822267
"void vllm::rotary_embedding_kernel<c10::BFloat16, true>(long const*, c10::BFloat16*, c10::BFloat16*, c10::BFloat16 const*, int, long, long, int, int, int) [clone .kd]",83360,761202379,9131,0.6516047888255014
"Cijk_Alik_Bljk_BBS_BH_MT256x256x32_MI32x32x8x1_SN_1LDSB1_APM1_ABV0_ACED0_AF0EM8_AF1EM8_AMAS3_ASE_ASGT3128_ASLT_ASM_ASAE01_ASCE01_ASEM1_AAC0_BL1_BS1_CLR0_DTLA0_DTLB0_DTVA0_DTVB0_DVO0_ETSP_EPS1_ELFLR4_EMLL0_FSSC10_FL0_GLVWA8_GLVWB8_GRCGA1_GRCGB1_GRPM1_GRVW8_GSU1_GSUASB_GLS0_ISA942_IU1_K1_KLA_LBSPPA128_LBSPPB128_LPA8_LPB8_LDL1_LRVW8_LWPMn1_LDW0_FMA_MIAV0_MDA2_MO40_MMFSC_MKFGSU256_NTA0_NTB0_NTC0_NTD0_NEPBS16_NLCA1_NLCB1_ONLL1_OPLV0_PK0_PAP0_PGR2_PLR5_SIA3_SS1_SU0_SUM0_SUS0_SCIUI1_SPO0_SRVW0_SSO4_SVW2_SNLL0_TSGRA0_TSGRB0_TT4_128_TLDS1_UMLDSA1_UMLDSB1_U64SL1_USFGROn1_VAW1_VSn1_VW2_VWB1_VFLRP0_WSGRA1_WSGRB0_WS64_WG64_4_1_WGM32.kd",80,748833006,9360412,0.6410163528143618
"Cijk_Alik_Bljk_BBS_BH_MT256x256x32_MI32x32x8x1_SN_1LDSB1_APM1_ABV0_ACED0_AF0EM1_AF1EM1_AMAS3_ASE_ASGT_ASLT_ASM_ASAE01_ASCE01_ASEM1_AAC0_BL1_BS1_CLR0_DTLA0_DTLB0_DTVA0_DTVB0_DVO0_ETSP_EPS1_ELFLR0_EMLL0_FSSC10_FL2_GLVWA8_GLVWB8_GRCGA1_GRCGB1_GRPM1_GRVW8_GSU1_GSUASB_GLS0_ISA942_IU1_K1_KLA_LBSPPA128_LBSPPB128_LPA8_LPB8_LDL1_LRVW8_LWPMn1_LDW0_FMA_MIAV0_MDA2_MO40_MMFSC_MKFGSU256_NTA0_NTB0_NTC3_NTD2_NEPBS0_NLCA1_NLCB1_ONLL0_OPLV0_PK0_PAP0_PGR2_PLR5_SIA3_SS1_SU32_SUM0_SUS128_SCIUI1_SPO1_SRVW0_SSO8_SVW2_SNLL0_TSGRA0_TSGRB0_TT2_256_TLDS1_UMLDSA1_UMLDSB1_U64SL1_USFGROn1_VAW1_VSn1_VW2_VWB2_VFLRP0_WSGRA0_WSGRB0_WS64_WG128_2_1_WGM19.kd",240,610347061,2543112,0.5224695544378619
"Cijk_Alik_Bljk_BBS_BH_MT256x256x32_MI32x32x8x1_SN_1LDSB1_APM1_ABV0_ACED0_AF0EM1_AF1EM1_AMAS3_ASE_ASGT_ASLT_ASM_ASAE01_ASCE01_ASEM1_AAC0_BL1_BS1_CLR0_DTLA0_DTLB0_DTVA0_DTVB0_DVO0_ETSP_EPS1_ELFLR0_EMLL0_FSSC10_FL0_GLVWA8_GLVWB8_GRCGA1_GRCGB1_GRPM1_GRVW8_GSU1_GSUASB_GLS0_ISA942_IU1_K1_KLA_LBSPPA128_LBSPPB128_LPA8_LPB8_LDL1_LRVW8_LWPMn1_LDW0_FMA_MIAV0_MDA2_MO40_MMFSC_MKFGSU256_NTA0_NTB0_NTC0_NTD0_NEPBS0_NLCA1_NLCB1_ONLL1_OPLV0_PK0_PAP0_PGR2_PLR5_SIA3_SS1_SU32_SUM0_SUS64_SCIUI1_SPO0_SRVW0_SSO6_SVW2_SNLL0_TSGRA0_TSGRB0_TT4_128_TLDS1_UMLDSA1_UMLDSB1_U64SL1_USFGROn1_VAW1_VSn1_VW2_VWB1_VFLRP0_WSGRA0_WSGRB0_WS64_WG64_4_1_WGM6.kd",1280,527618382,412201,0.4516521149542581
"void vllm::reshape_and_cache_kernel<__hip_bfloat16, __hip_bfloat16, (vllm::Fp8KVCacheDataType)0>(__hip_bfloat16 const*, __hip_bfloat16 const*, __hip_bfloat16*, __hip_bfloat16*, long const*, int, int, int, int, int, int, float) [clone .kd]",83280,519060770,6232,0.44432662423858793
"__amd_rocclr_copyBuffer.kd",88814,447254650,5035,0.3828591184217431
"void at::native::mbtopk::radixFindKthValues<float, unsigned int, unsigned int, 2>(at::cuda::detail::TensorInfo<float, unsigned int>, unsigned int, unsigned int*, unsigned int, unsigned int, int, int, unsigned int, unsigned int, unsigned int*, unsigned int*, short*, float*) [clone .kd]",2496,418722101,167757,0.3584346735189004
"Cijk_Alik_Bljk_BBS_BH_MT256x256x32_MI32x32x8x1_SN_1LDSB1_APM1_ABV0_ACED0_AF0EM8_AF1EM8_AMAS3_ASE_ASGT3256_ASLT_ASM_ASAE01_ASCE01_ASEM64_AAC0_BL1_BS1_CLR0_DTLA0_DTLB0_DTVA0_DTVB0_DVO0_ETSP_EPS1_ELFLR0_EMLL0_FSSC11_FL0_GLVWA8_GLVWB8_GRCGA1_GRCGB1_GRPM1_GRVW8_GSU1_GSUASB_GLS0_ISA942_IU1_K1_KLA_LBSPPA128_LBSPPB128_LPA8_LPB8_LDL1_LRVW8_LWPMn1_LDW0_FMA_MIAV0_MDA2_MO40_MMFSC_MKFGSU256_NTA0_NTB0_NTC3_NTD3_NEPBS0_NLCA1_NLCB1_ONLL1_OPLV0_PK0_PAP0_PGR2_PLR5_SIA3_SS1_SU4_SUM0_SUS512_SCIUI1_SPO0_SRVW0_SSO0_SVW2_SNLL0_TSGRA0_TSGRB0_TT4_128_TLDS1_UMLDSA1_UMLDSB1_U64SL1_USFGROn1_VAW1_VSn1_VW2_VWB1_VFLRP0_WSGRA0_WSGRB0_WS64_WG64_4_1_WGM32.kd",80,220096301,2751203,0.1884069305232413
"Cijk_B_PostGSU4.kd",37920,193263968,5096,0.16543790525412752
"void vllm::paged_attention_v2_reduce_kernel<__hip_bfloat16, 128, 1024, 1024>(__hip_bfloat16*, float const*, float const*, __hip_bfloat16 const*, int const*, int) [clone .kd]",29520,167770378,5683,0.14361487134535683
"Cijk_Alik_Bljk_BBS_BH_MT256x256x32_MI32x32x8x1_SN_1LDSB1_APM1_ABV0_ACED0_AF0EM8_AF1EM8_AMAS3_ASE_ASGT3128_ASLT_ASM_ASAE01_ASCE01_ASEM64_AAC0_BL1_BS1_CLR0_DTLA0_DTLB0_DTVA0_DTVB0_DVO0_ETSP_EPS1_ELFLR0_EMLL0_FSSC10_FL0_GLVWA8_GLVWB8_GRCGA1_GRCGB1_GRPM1_GRVW8_GSU1_GSUASB_GLS1_ISA942_IU1_K1_KLA_LBSPPA128_LBSPPB128_LPA8_LPB8_LDL1_LRVW8_LWPMn1_LDW0_FMA_MIAV0_MDA2_MO40_MMFSC_MKFGSU256_NTA0_NTB0_NTC0_NTD0_NEPBS16_NLCA1_NLCB1_ONLL1_OPLV0_PK0_PAP0_PGR2_PLR5_SIA3_SS1_SU4_SUM0_SUS512_SCIUI1_SPO1_SRVW0_SSO4_SVW2_SNLL0_TSGRA0_TSGRB0_TT8_64_TLDS1_UMLDSA1_UMLDSB1_U64SL1_USFGROn1_VAW1_VSn1_VW2_VWB1_VFLRP0_WSGRA1_WSGRB0_WS64_WG32_8_1_WGM32.kd",80,156434243,1955428,0.13391090817267687
"void at::native::(anonymous namespace)::cunn_SoftMaxForward<4, float, float, float, at::native::(anonymous namespace)::SoftMaxForwardEpilogue>(float*, float const*, int) [clone .kd]",1007,117217964,116403,0.10034097210667708
"Cijk_B_PostGSU4_VW2.kd",18240,96744856,5303,0.08281557336519248
"void at::native::sbtopk::gatherTopK<float, unsigned int, 2, true>(at::cuda::detail::TensorInfo<float, unsigned int>, unsigned int, unsigned int, bool, unsigned int, unsigned int, at::cuda::detail::TensorInfo<float, unsigned int>, unsigned int, at::cuda::detail::TensorInfo<long, unsigned int>, unsigned int, float*) [clone .kd]",624,92187271,147736,0.07891418748752266
"void at::native::(anonymous namespace)::cunn_SoftMaxForward<4, float, float, float, at::native::(anonymous namespace)::LogSoftMaxForwardEpilogue>(float*, float const*, int) [clone .kd]",1007,90733962,90103,0.07767012529044011
"Cijk_Alik_Bljk_BBS_BH_MT256x224x64_MI16x16x16x1_SN_1LDSB1_APM1_ABV0_ACED0_AF0EM1_AF1EM1_AMAS0_ASE_ASGT_ASLT_ASM_ASAE01_ASCE01_ASEM1_AAC0_BL1_BS1_CLR0_DTLA0_DTLB0_DTVA0_DTVB0_DVO0_ETSP_EPS1_ELFLR0_EMLL0_FSSC10_FL0_GLVWA2_GLVWB2_GRCGA1_GRCGB1_GRPM1_GRVW2_GSU1_GSUASB_GLS0_ISA942_IU1_K1_KLA_LBSPPA128_LBSPPB128_LPA4_LPB4_LDL1_LRVW4_LWPMn1_LDW0_FMA_MIAV0_MDA2_MO40_MMFSC_MKFGSU256_NTA0_NTB0_NTC0_NTD0_NEPBS16_NLCA1_NLCB1_ONLL1_OPLV0_PK0_PAP0_PGR2_PLR5_SIA3_SS0_SU4_SUM0_SUS512_SCIUI1_SPO1_SRVW0_SSO0_SVW4_SNLL0_TSGRA0_TSGRB0_TT8_112_TLDS1_UMLDSA1_UMLDSB1_U64SL1_USFGROn1_VAW1_VSn1_VW1_VWB1_VFLRP0_WSGRA0_WSGRB0_WS64_WG32_8_1_WGM16.kd",75,81856713,1091422,0.07007101877215058
"void at::native::reduce_kernel<512, 1, at::native::ReduceOp<float, at::native::ArgMaxOps<float>, unsigned int, long, 4> >(at::native::ReduceOp<float, at::native::ArgMaxOps<float>, unsigned int, long, 4>) [clone .kd]",1007,60494497,60073,0.05178452541697841
"void rocprim::detail::device_block_merge_mergepath_kernel<rocprim::detail::wrapped_merge_sort_block_merge_config<rocprim::default_config, float, at::cuda::cub::detail::OpaqueType<8> >, float*, float*, at::cuda::cub::detail::OpaqueType<8>*, at::cuda::cub::detail::OpaqueType<8>*, unsigned int, rocprim::detail::radix_merge_compare<true, false, float, void> >(float*, float*, at::cuda::cub::detail::OpaqueType<8>*, at::cuda::cub::detail::OpaqueType<8>*, unsigned int, unsigned int, rocprim::detail::radix_merge_compare<true, false, float, void>, unsigned int const*) [clone .kd]",3194,54699147,17125,0.04682358741008357
"_ZN2at6native12_GLOBAL__N_143distribution_elementwise_grid_stride_kernelIfLi4EZNS0_9templates4cuda21uniform_and_transformIffLm4EPNS_17CUDAGeneratorImplEZZZNS4_18exponential_kernelIS7_EEvRNS_18TensorIteratorBaseEdT_ENKUlvE_clEvENKUlvE0_clEvEUlfE_EEvSA_T2_T3_EUlP25hiprandStatePhilox4_32_10E0_ZNS1_27distribution_nullary_kernelIffLi4ES7_SJ_SE_EEvSA_SF_RKSG_T4_EUlifE_EEviNS_15PhiloxCudaStateET1_SF_.kd",1007,47255250,46926,0.04045145948912789
"void at::native::index_elementwise_kernel<128, 4, at::native::gpu_index_kernel<at::native::index_kernel_impl<at::native::OpaqueType<4> >(at::TensorIteratorBase&, c10::ArrayRef<long>, c10::ArrayRef<long>)::{lambda(char*, char const*, long)#1}>(at::TensorIteratorBase&, c10::ArrayRef<long>, c10::ArrayRef<long>, at::native::index_kernel_impl<at::native::OpaqueType<4> >(at::TensorIteratorBase&, c10::ArrayRef<long>, c10::ArrayRef<long>)::{lambda(char*, char const*, long)#1} const&)::{lambda(int)#1}>(long, at::native::gpu_index_kernel<at::native::index_kernel_impl<at::native::OpaqueType<4> >(at::TensorIteratorBase&, c10::ArrayRef<long>, c10::ArrayRef<long>)::{lambda(char*, char const*, long)#1}>(at::TensorIteratorBase&, c10::ArrayRef<long>, c10::ArrayRef<long>, at::native::index_kernel_impl<at::native::OpaqueType<4> >(at::TensorIteratorBase&, c10::ArrayRef<long>, c10::ArrayRef<long>)::{lambda(char*, char const*, long)#1} const&)::{lambda(int)#1}) [clone .kd]",4028,47085341,11689,0.040306013913655576
"void rocprim::detail::device_block_merge_mergepath_kernel<rocprim::detail::wrapped_merge_sort_block_merge_config<rocprim::default_config, long, rocprim::empty_type>, long*, long*, rocprim::empty_type*, rocprim::empty_type*, unsigned int, rocprim::detail::radix_merge_compare<false, true, long, void> >(long*, long*, rocprim::empty_type*, rocprim::empty_type*, unsigned int, unsigned int, rocprim::detail::radix_merge_compare<false, true, long, void>, unsigned int const*) [clone .kd]",3194,33876409,10606,0.028998898245181808
"void at::native::reduce_kernel<512, 1, at::native::ReduceOp<long, at::native::func_wrapper_t<long, at::native::sum_functor<long, long, long>::operator()(at::TensorIterator&)::{lambda(long, long)#1}>, unsigned int, long, 4> >(at::native::ReduceOp<long, at::native::func_wrapper_t<long, at::native::sum_functor<long, long, long>::operator()(at::TensorIterator&)::{lambda(long, long)#1}>, unsigned int, long, 4>) [clone .kd]",1007,33284492,33053,0.0284922051995112
"void at::native::legacy::elementwise_kernel<512, 1, at::native::gpu_kernel_impl<at::native::direct_copy_kernel_cuda(at::TensorIteratorBase&)::{lambda()#3}::operator()() const::{lambda()#7}::operator()() const::{lambda(float)#1}>(at::TensorIteratorBase&, at::native::direct_copy_kernel_cuda(at::TensorIteratorBase&)::{lambda()#3}::operator()() const::{lambda()#7}::operator()() const::{lambda(float)#1} const&)::{lambda(int)#1}>(int, at::native::gpu_kernel_impl<at::native::direct_copy_kernel_cuda(at::TensorIteratorBase&)::{lambda()#3}::operator()() const::{lambda()#7}::operator()() const::{lambda(float)#1}>(at::TensorIteratorBase&, at::native::direct_copy_kernel_cuda(at::TensorIteratorBase&)::{lambda()#3}::operator()() const::{lambda()#7}::operator()() const::{lambda(float)#1} const&)::{lambda(int)#1}) [clone .kd]",2014,26808603,13311,0.02294871190427757
"void rocprim::detail::device_block_merge_mergepath_partition_kernel<rocprim::detail::wrapped_merge_sort_block_merge_config<rocprim::default_config, float, at::cuda::cub::detail::OpaqueType<8> >, float*, unsigned int, rocprim::detail::radix_merge_compare<true, false, float, void> >(float*, unsigned int, unsigned int, unsigned int*, rocprim::detail::radix_merge_compare<true, false, float, void>, unsigned int) [clone .kd]",3194,24981654,7821,0.021384806233220855
"void rocprim::detail::device_block_merge_mergepath_partition_kernel<rocprim::detail::wrapped_merge_sort_block_merge_config<rocprim::default_config, long, rocprim::empty_type>, long*, unsigned int, rocprim::detail::radix_merge_compare<false, true, long, void> >(long*, unsigned int, unsigned int, unsigned int*, rocprim::detail::radix_merge_compare<false, true, long, void>, unsigned int) [clone .kd]",3194,24286287,7603,0.020789557873925828
"void at::native::modern::elementwise_kernel<at::native::FillFunctor<int>, at::detail::Array<char*, 1> >(int, at::native::FillFunctor<int>, at::detail::Array<char*, 1>) [clone .kd]",2356,20671974,8774,0.017695632100587874
"void at::native::modern::elementwise_kernel<at::native::BinaryFunctor<float, float, float, at::native::binary_internal::DivFunctor<float> >, at::detail::Array<char*, 3> >(int, at::native::BinaryFunctor<float, float, float, at::native::binary_internal::DivFunctor<float> >, at::detail::Array<char*, 3>) [clone .kd]",1007,19954441,19815,0.01708140919241127
"void at::native::legacy::elementwise_kernel<512, 1, at::native::gpu_kernel_impl<at::native::direct_copy_kernel_cuda(at::TensorIteratorBase&)::{lambda()#3}::operator()() const::{lambda()#4}::operator()() const::{lambda(long)#1}>(at::TensorIteratorBase&, at::native::direct_copy_kernel_cuda(at::TensorIteratorBase&)::{lambda()#3}::operator()() const::{lambda()#4}::operator()() const::{lambda(long)#1} const&)::{lambda(int)#1}>(int, at::native::gpu_kernel_impl<at::native::direct_copy_kernel_cuda(at::TensorIteratorBase&)::{lambda()#3}::operator()() const::{lambda()#4}::operator()() const::{lambda(long)#1}>(at::TensorIteratorBase&, at::native::direct_copy_kernel_cuda(at::TensorIteratorBase&)::{lambda()#3}::operator()() const::{lambda()#4}::operator()() const::{lambda(long)#1} const&)::{lambda(int)#1}) [clone .kd]",2015,18539741,9200,0.015870397088163186
"void at::native::legacy::elementwise_kernel<128, 4, at::native::gpu_kernel_impl<at::native::BinaryFunctor<c10::BFloat16, c10::BFloat16, c10::BFloat16, at::native::binary_internal::DivFunctor<c10::BFloat16> > >(at::TensorIteratorBase&, at::native::BinaryFunctor<c10::BFloat16, c10::BFloat16, c10::BFloat16, at::native::binary_internal::DivFunctor<c10::BFloat16> > const&)::{lambda(int)#4}>(int, at::native::gpu_kernel_impl<at::native::BinaryFunctor<c10::BFloat16, c10::BFloat16, c10::BFloat16, at::native::binary_internal::DivFunctor<c10::BFloat16> > >(at::TensorIteratorBase&, at::native::BinaryFunctor<c10::BFloat16, c10::BFloat16, c10::BFloat16, at::native::binary_internal::DivFunctor<c10::BFloat16> > const&)::{lambda(int)#4}) [clone .kd]",977,13513870,13832,0.011568148826772491
"void rocprim::detail::single_scan_kernel<false, rocprim::detail::wrapped_scan_config<rocprim::default_config, int>, int const*, int*, std::plus<int>, int>(int const*, unsigned long, int, int*, std::plus<int>) [clone .kd]",2014,12614062,6263,0.010797894794469347
"void at::native::legacy::elementwise_kernel<128, 4, at::native::gpu_kernel_impl<at::native::(anonymous namespace)::CompareFunctor<float> >(at::TensorIteratorBase&, at::native::(anonymous namespace)::CompareFunctor<float> const&)::{lambda(int)#4}>(int, at::native::gpu_kernel_impl<at::native::(anonymous namespace)::CompareFunctor<float> >(at::TensorIteratorBase&, at::native::(anonymous namespace)::CompareFunctor<float> const&)::{lambda(int)#4}) [clone .kd]",977,12341204,12631,0.010564322771608724
"void at::native::modern::elementwise_kernel<at::native::AUnaryFunctor<c10::BFloat16, c10::BFloat16, c10::BFloat16, at::native::binary_internal::MulFunctor<float> >, at::detail::Array<char*, 2> >(int, at::native::AUnaryFunctor<c10::BFloat16, c10::BFloat16, c10::BFloat16, at::native::binary_internal::MulFunctor<float> >, at::detail::Array<char*, 2>) [clone .kd]",1007,11979605,11896,0.01025478663964859
"void at::native::modern::elementwise_kernel<at::native::FillFunctor<c10::BFloat16>, at::detail::Array<char*, 1> >(int, at::native::FillFunctor<c10::BFloat16>, at::detail::Array<char*, 1>) [clone .kd]",241,11620995,48219,0.009947809152757796
"void rocprim::detail::radix_sort_block_sort_kernel<rocprim::detail::wrapped_radix_sort_block_sort_config<rocprim::kernel_config<256u, 4u, 4294967295u>, float, at::cuda::cub::detail::OpaqueType<8> >, true, float const*, float*, at::cuda::cub::detail::OpaqueType<8> const*, at::cuda::cub::detail::OpaqueType<8>*>(float const*, float*, at::cuda::cub::detail::OpaqueType<8> const*, at::cuda::cub::detail::OpaqueType<8>*, unsigned int, unsigned int, unsigned int) [clone .kd]",365,10804446,29601,0.009248826525549435
"void vllm::rms_norm_kernel<c10::BFloat16>(c10::BFloat16*, c10::BFloat16 const*, c10::BFloat16 const*, float, int, int) [clone .kd]",1042,10435255,10014,0.008932791486474398
"void at::native::(anonymous namespace)::indexSelectSmallIndex<c10::BFloat16, long, unsigned int, 2, 2, -2>(at::cuda::detail::TensorInfo<c10::BFloat16, unsigned int>, at::cuda::detail::TensorInfo<c10::BFloat16, unsigned int>, at::cuda::detail::TensorInfo<long, unsigned int>, int, int, unsigned int, long) [clone .kd]",944,6850481,7256,0.005864151700658453
"void at::native::(anonymous namespace)::indexSelectLargeIndex<c10::BFloat16, long, unsigned int, 2, 2, -2, true>(at::cuda::detail::TensorInfo<c10::BFloat16, unsigned int>, at::cuda::detail::TensorInfo<c10::BFloat16, unsigned int>, at::cuda::detail::TensorInfo<long, unsigned int>, int, int, unsigned int, unsigned int, long) [clone .kd]",1105,6190667,5602,0.005299337435759644
"void at::native::modern::elementwise_kernel<at::native::FillFunctor<long>, at::detail::Array<char*, 1> >(int, at::native::FillFunctor<long>, at::detail::Array<char*, 1>) [clone .kd]",2040,4728660,2317,0.00404782957296511
"__amd_rocclr_fillBufferAligned.kd",1486,4686360,3153,0.0040116199087184895
"void at::native::legacy::elementwise_kernel<512, 1, at::native::gpu_kernel_impl<at::native::direct_copy_kernel_cuda(at::TensorIteratorBase&)::{lambda()#3}::operator()() const::{lambda()#3}::operator()() const::{lambda(int)#1}>(at::TensorIteratorBase&, at::native::direct_copy_kernel_cuda(at::TensorIteratorBase&)::{lambda()#3}::operator()() const::{lambda()#3}::operator()() const::{lambda(int)#1} const&)::{lambda(int)#1}>(int, at::native::gpu_kernel_impl<at::native::direct_copy_kernel_cuda(at::TensorIteratorBase&)::{lambda()#3}::operator()() const::{lambda()#3}::operator()() const::{lambda(int)#1}>(at::TensorIteratorBase&, at::native::direct_copy_kernel_cuda(at::TensorIteratorBase&)::{lambda()#3}::operator()() const::{lambda()#3}::operator()() const::{lambda(int)#1} const&)::{lambda(int)#1}) [clone .kd]",1007,4182120,4153,0.0035799801664084213
"void at::native::(anonymous namespace)::sort_postprocess_kernel<float>(float const*, float*, long*, HIP_vector_type<int, 2u> const*, int, int) [clone .kd]",353,3796265,10754,0.0032496804028651653
"void at::native::modern::elementwise_kernel<at::native::CUDAFunctorOnSelf_add<long>, at::detail::Array<char*, 2> >(int, at::native::CUDAFunctorOnSelf_add<long>, at::detail::Array<char*, 2>) [clone .kd]",1007,3327159,3304,0.002848116082390576
"void rocprim::detail::radix_sort_block_sort_kernel<rocprim::detail::wrapped_radix_sort_block_sort_config<rocprim::kernel_config<256u, 4u, 4294967295u>, long, rocprim::empty_type>, false, long const*, long*, rocprim::empty_type*, rocprim::empty_type*>(long const*, long*, rocprim::empty_type*, rocprim::empty_type*, unsigned int, unsigned int, unsigned int) [clone .kd]",335,2676548,7989,0.0022911797735215935
"void rocprim::detail::segmented_sort_kernel<rocprim::detail::default_segmented_radix_sort_config<0u, hip_bfloat16, long>, false, 256u, hip_bfloat16 const*, hip_bfloat16*, long const*, long*, at::native::(anonymous namespace)::offset_t>(hip_bfloat16 const*, std::iterator_traits<hip_bfloat16 const*>::value_type*, hip_bfloat16*, long const*, std::iterator_traits<long const*>::value_type*, long*, bool, at::native::(anonymous namespace)::offset_t, at::native::(anonymous namespace)::offset_t, unsigned int, unsigned int, unsigned int, unsigned int) [clone .kd]",1,2611610,2611610,0.002235591518749796
"void (anonymous namespace)::elementwise_kernel_with_index<int, at::native::arange_cuda_out(c10::Scalar const&, c10::Scalar const&, c10::Scalar const&, at::Tensor&)::{lambda()#1}::operator()() const::{lambda()#4}::operator()() const::{lambda(long)#1}>(int, at::native::arange_cuda_out(c10::Scalar const&, c10::Scalar const&, c10::Scalar const&, at::Tensor&)::{lambda()#1}::operator()() const::{lambda()#4}::operator()() const::{lambda(long)#1}, function_traits<{lambda(long)#1}>::result_type*) [clone .kd]",1008,2543070,2522,0.002176919878384232
"void rocprim::detail::device_block_merge_oddeven_kernel<rocprim::detail::wrapped_merge_sort_block_merge_config<rocprim::default_config, float, at::cuda::cub::detail::OpaqueType<8> >, float*, float*, at::cuda::cub::detail::OpaqueType<8>*, at::cuda::cub::detail::OpaqueType<8>*, unsigned int, rocprim::detail::radix_merge_compare<true, false, float, void> >(float*, float*, at::cuda::cub::detail::OpaqueType<8>*, at::cuda::cub::detail::OpaqueType<8>*, unsigned int, unsigned int, rocprim::detail::radix_merge_compare<true, false, float, void>) [clone .kd]",210,1755735,8360,0.001502945032057686
"void at::native::mbtopk::fill<unsigned int, unsigned int>(unsigned int*, unsigned int, unsigned int) [clone .kd]",624,1705773,2733,0.0014601765392659686
"at::native::(anonymous namespace)::fill_index_and_segment_kernel(HIP_vector_type<int, 2u>*, int, at::cuda::detail::IntDivider<unsigned int>) [clone .kd]",353,1513826,4288,0.001295865985527291
"void rocprim::detail::onesweep_iteration_kernel<rocprim::detail::wrapped_radix_sort_onesweep_config<rocprim::default_config, float, at::cuda::cub::detail::OpaqueType<8> >, true, float*, float*, at::cuda::cub::detail::OpaqueType<8>*, at::cuda::cub::detail::OpaqueType<8>*, unsigned long>(float*, float*, at::cuda::cub::detail::OpaqueType<8>*, at::cuda::cub::detail::OpaqueType<8>*, unsigned int, unsigned long*, unsigned long*, rocprim::detail::onesweep_lookback_state*, unsigned int, unsigned int, unsigned int) [clone .kd]",54,1469151,27206,0.0012576232727561855
"void at::native::legacy::elementwise_kernel<512, 1, at::native::gpu_kernel_impl<at::native::direct_copy_kernel_cuda(at::TensorIteratorBase&)::{lambda()#3}::operator()() const::{lambda()#4}::operator()() const::{lambda(long)#1}>(at::TensorIteratorBase&, at::native::direct_copy_kernel_cuda(at::TensorIteratorBase&)::{lambda()#3}::operator()() const::{lambda()#4}::operator()() const::{lambda(long)#1} const&)::{lambda(int)#2}>(int, at::native::gpu_kernel_impl<at::native::direct_copy_kernel_cuda(at::TensorIteratorBase&)::{lambda()#3}::operator()() const::{lambda()#4}::operator()() const::{lambda(long)#1}>(at::TensorIteratorBase&, at::native::direct_copy_kernel_cuda(at::TensorIteratorBase&)::{lambda()#3}::operator()() const::{lambda()#4}::operator()() const::{lambda(long)#1} const&)::{lambda(int)#2}) [clone .kd]",353,831807,2356,0.000712043786950085
"void at::native::legacy::elementwise_kernel<512, 1, at::native::gpu_kernel_impl<at::native::direct_copy_kernel_cuda(at::TensorIteratorBase&)::{lambda()#3}::operator()() const::{lambda()#7}::operator()() const::{lambda(float)#1}>(at::TensorIteratorBase&, at::native::direct_copy_kernel_cuda(at::TensorIteratorBase&)::{lambda()#3}::operator()() const::{lambda()#7}::operator()() const::{lambda(float)#1} const&)::{lambda(int)#2}>(int, at::native::gpu_kernel_impl<at::native::direct_copy_kernel_cuda(at::TensorIteratorBase&)::{lambda()#3}::operator()() const::{lambda()#7}::operator()() const::{lambda(float)#1}>(at::TensorIteratorBase&, at::native::direct_copy_kernel_cuda(at::TensorIteratorBase&)::{lambda()#3}::operator()() const::{lambda()#7}::operator()() const::{lambda(float)#1} const&)::{lambda(int)#2}) [clone .kd]",353,820742,2325,0.0007025719208770625
"void rocprim::detail::onesweep_iteration_kernel<rocprim::detail::wrapped_radix_sort_onesweep_config<rocprim::default_config, long, rocprim::empty_type>, false, long const*, long*, rocprim::empty_type*, rocprim::empty_type*, unsigned long>(long const*, long*, rocprim::empty_type*, rocprim::empty_type*, unsigned int, unsigned long*, unsigned long*, rocprim::detail::onesweep_lookback_state*, unsigned int, unsigned int, unsigned int) [clone .kd]",18,572452,31802,0.0004900306079741456
"void rocprim::detail::transform_kernel<rocprim::detail::wrapped_transform_config<rocprim::default_config, float>, float, float*, float*, rocprim::identity<float> >(float*, unsigned long, float*, rocprim::identity<float>) [clone .kd]",80,532353,6654,0.0004557050446969533
"void rocprim::detail::onesweep_iteration_kernel<rocprim::detail::wrapped_radix_sort_onesweep_config<rocprim::default_config, float, at::cuda::cub::detail::OpaqueType<8> >, true, float const*, float*, at::cuda::cub::detail::OpaqueType<8> const*, at::cuda::cub::detail::OpaqueType<8>*, unsigned long>(float const*, float*, at::cuda::cub::detail::OpaqueType<8> const*, at::cuda::cub::detail::OpaqueType<8>*, unsigned int, unsigned long*, unsigned long*, rocprim::detail::onesweep_lookback_state*, unsigned int, unsigned int, unsigned int) [clone .kd]",18,523458,29081,0.00044809074295998667
"void at::native::_scatter_gather_elementwise_kernel<256, 4, at::native::_cuda_scatter_gather_internal_kernel<true, at::native::OpaqueType<8> >::operator()<at::native::TensorAssign>(at::TensorIterator&, long, long, long, at::native::TensorAssign const&)::{lambda(int)#1}>(int, at::native::_cuda_scatter_gather_internal_kernel<true, at::native::OpaqueType<8> >::operator()<at::native::TensorAssign>(at::TensorIterator&, long, long, long, at::native::TensorAssign const&)::{lambda(int)#1}) [clone .kd]",1,504832,504832,0.00043214650640543463
"void rocprim::detail::transform_kernel<rocprim::detail::wrapped_transform_config<rocprim::default_config, at::cuda::cub::detail::OpaqueType<8> >, at::cuda::cub::detail::OpaqueType<8>, at::cuda::cub::detail::OpaqueType<8>*, at::cuda::cub::detail::OpaqueType<8>*, rocprim::identity<at::cuda::cub::detail::OpaqueType<8> > >(at::cuda::cub::detail::OpaqueType<8>*, unsigned long, at::cuda::cub::detail::OpaqueType<8>*, rocprim::identity<at::cuda::cub::detail::OpaqueType<8> >) [clone .kd]",80,448146,5601,0.0003836221322332378
"void at::native::tensor_kernel_scan_innermost_dim<c10::BFloat16, std::plus<c10::BFloat16> >(c10::BFloat16*, c10::BFloat16 const*, unsigned int, unsigned int, unsigned int, c10::BFloat16, std::plus<c10::BFloat16>) [clone .kd]",1,413977,413977,0.00035437277011402327
"void rocprim::detail::transform_kernel<rocprim::detail::wrapped_transform_config<rocprim::default_config, long>, long, long*, long*, rocprim::identity<long> >(long*, unsigned long, long*, rocprim::identity<long>) [clone .kd]",50,328732,6574,0.0002814013084425538
"void rocprim::detail::onesweep_histograms_kernel<rocprim::detail::wrapped_radix_sort_onesweep_config<rocprim::default_config, long, rocprim::empty_type>, false, long const*, unsigned long>(long const*, unsigned long*, unsigned long, unsigned long, unsigned int, unsigned int) [clone .kd]",18,253498,14083,0.00021699946730945117
"void rocprim::detail::onesweep_histograms_kernel<rocprim::detail::wrapped_radix_sort_onesweep_config<rocprim::default_config, float, at::cuda::cub::detail::OpaqueType<8> >, true, float const*, unsigned long>(float const*, unsigned long*, unsigned long, unsigned long, unsigned int, unsigned int) [clone .kd]",18,252417,14023,0.00021607410922314866
"void at::native::_scatter_gather_elementwise_kernel<256, 4, at::native::_cuda_scatter_gather_internal_kernel<false, at::native::OpaqueType<2> >::operator()<at::native::TensorAssign>(at::TensorIterator&, long, long, long, at::native::TensorAssign const&)::{lambda(int)#1}>(int, at::native::_cuda_scatter_gather_internal_kernel<false, at::native::OpaqueType<2> >::operator()<at::native::TensorAssign>(at::TensorIterator&, long, long, long, at::native::TensorAssign const&)::{lambda(int)#1}) [clone .kd]",2,243882,121941,0.0002087679748414724
"at::native::(anonymous namespace)::fill_reverse_indices_kernel(long*, int, at::cuda::detail::IntDivider<unsigned int>) [clone .kd]",31,144656,4666,0.00012382849151912825
"void at::native::legacy::elementwise_kernel<512, 1, at::native::gpu_kernel_impl<at::native::(anonymous namespace)::masked_fill_kernel(at::TensorIterator&, c10::Scalar const&)::{lambda()#1}::operator()() const::{lambda()#12}::operator()() const::{lambda(c10::BFloat16, bool)#1}>(at::TensorIteratorBase&, at::native::(anonymous namespace)::masked_fill_kernel(at::TensorIterator&, c10::Scalar const&)::{lambda()#1}::operator()() const::{lambda()#12}::operator()() const::{lambda(c10::BFloat16, bool)#1} const&)::{lambda(int)#2}>(int, at::native::gpu_kernel_impl<at::native::(anonymous namespace)::masked_fill_kernel(at::TensorIterator&, c10::Scalar const&)::{lambda()#1}::operator()() const::{lambda()#12}::operator()() const::{lambda(c10::BFloat16, bool)#1}>(at::TensorIteratorBase&, at::native::(anonymous namespace)::masked_fill_kernel(at::TensorIterator&, c10::Scalar const&)::{lambda()#1}::operator()() const::{lambda()#12}::operator()() const::{lambda(c10::BFloat16, bool)#1} const&)::{lambda(int)#2}) [clone .kd]",2,125227,62613,0.00010719687055819234
"void at::native::legacy::elementwise_kernel<128, 4, at::native::gpu_kernel_impl<at::native::(anonymous namespace)::CompareFunctor<c10::BFloat16> >(at::TensorIteratorBase&, at::native::(anonymous namespace)::CompareFunctor<c10::BFloat16> const&)::{lambda(int)#4}>(int, at::native::gpu_kernel_impl<at::native::(anonymous namespace)::CompareFunctor<c10::BFloat16> >(at::TensorIteratorBase&, at::native::(anonymous namespace)::CompareFunctor<c10::BFloat16> const&)::{lambda(int)#4}) [clone .kd]",2,124625,62312,0.0001066815462585123
"void at::native::(anonymous namespace)::cunn_SoftMaxForward<8, c10::BFloat16, float, c10::BFloat16, at::native::(anonymous namespace)::SoftMaxForwardEpilogue>(c10::BFloat16*, c10::BFloat16 const*, int) [clone .kd]",1,119217,119217,0.00010205218776570562
"void at::native::legacy::elementwise_kernel<512, 1, at::native::gpu_kernel_impl<at::native::(anonymous namespace)::CompareFunctor<float> >(at::TensorIteratorBase&, at::native::(anonymous namespace)::CompareFunctor<float> const&)::{lambda(int)#2}>(int, at::native::gpu_kernel_impl<at::native::(anonymous namespace)::CompareFunctor<float> >(at::TensorIteratorBase&, at::native::(anonymous namespace)::CompareFunctor<float> const&)::{lambda(int)#2}) [clone .kd]",30,82804,2760,7.088191579851438e-05
"void rocprim::detail::onesweep_scan_histograms_kernel<rocprim::detail::wrapped_radix_sort_onesweep_config<rocprim::default_config, long, rocprim::empty_type>, unsigned long>(unsigned long*) [clone .kd]",18,77997,4333,6.676702558495635e-05
"void at::native::legacy::elementwise_kernel<512, 1, at::native::gpu_kernel_impl<at::native::BinaryFunctor<c10::BFloat16, c10::BFloat16, c10::BFloat16, at::native::binary_internal::DivFunctor<c10::BFloat16> > >(at::TensorIteratorBase&, at::native::BinaryFunctor<c10::BFloat16, c10::BFloat16, c10::BFloat16, at::native::binary_internal::DivFunctor<c10::BFloat16> > const&)::{lambda(int)#2}>(int, at::native::gpu_kernel_impl<at::native::BinaryFunctor<c10::BFloat16, c10::BFloat16, c10::BFloat16, at::native::binary_internal::DivFunctor<c10::BFloat16> > >(at::TensorIteratorBase&, at::native::BinaryFunctor<c10::BFloat16, c10::BFloat16, c10::BFloat16, at::native::binary_internal::DivFunctor<c10::BFloat16> > const&)::{lambda(int)#2}) [clone .kd]",30,74193,2473,6.35107238640546e-05
"void rocprim::detail::onesweep_scan_histograms_kernel<rocprim::detail::wrapped_radix_sort_onesweep_config<rocprim::default_config, float, at::cuda::cub::detail::OpaqueType<8> >, unsigned long>(unsigned long*) [clone .kd]",18,68380,3798,5.8534677096546216e-05
"void at::native::legacy::elementwise_kernel<512, 1, at::native::gpu_kernel_impl<at::native::(anonymous namespace)::pow_tensor_tensor_kernel(at::TensorIteratorBase&)::{lambda()#1}::operator()() const::{lambda()#7}::operator()() const::{lambda(float, float)#1}>(at::TensorIteratorBase&, at::native::(anonymous namespace)::pow_tensor_tensor_kernel(at::TensorIteratorBase&)::{lambda()#1}::operator()() const::{lambda()#7}::operator()() const::{lambda(float, float)#1} const&)::{lambda(int)#1}>(int, at::native::gpu_kernel_impl<at::native::(anonymous namespace)::pow_tensor_tensor_kernel(at::TensorIteratorBase&)::{lambda()#1}::operator()() const::{lambda()#7}::operator()() const::{lambda(float, float)#1}>(at::TensorIteratorBase&, at::native::(anonymous namespace)::pow_tensor_tensor_kernel(at::TensorIteratorBase&)::{lambda()#1}::operator()() const::{lambda()#7}::operator()() const::{lambda(float, float)#1} const&)::{lambda(int)#1}) [clone .kd]",1,8293,8293,7.098977437286601e-06
"void (anonymous namespace)::elementwise_kernel_with_index<int, at::native::arange_cuda_out(c10::Scalar const&, c10::Scalar const&, c10::Scalar const&, at::Tensor&)::{lambda()#1}::operator()() const::{lambda()#7}::operator()() const::{lambda(long)#1}>(int, at::native::arange_cuda_out(c10::Scalar const&, c10::Scalar const&, c10::Scalar const&, at::Tensor&)::{lambda()#1}::operator()() const::{lambda()#7}::operator()() const::{lambda(long)#1}, function_traits<{lambda(long)#1}>::result_type*) [clone .kd]",2,7211,3605,6.172763330552716e-06
"void at::native::legacy::elementwise_kernel<128, 4, at::native::gpu_kernel_impl<at::native::BinaryFunctor<float, float, float, at::native::binary_internal::MulFunctor<float> > >(at::TensorIteratorBase&, at::native::BinaryFunctor<float, float, float, at::native::binary_internal::MulFunctor<float> > const&)::{lambda(int)#4}>(int, at::native::gpu_kernel_impl<at::native::BinaryFunctor<float, float, float, at::native::binary_internal::MulFunctor<float> > >(at::TensorIteratorBase&, at::native::BinaryFunctor<float, float, float, at::native::binary_internal::MulFunctor<float> > const&)::{lambda(int)#4}) [clone .kd]",1,6810,6810,5.82949913757648e-06
"void at::native::modern::elementwise_kernel<at::native::cos_kernel_cuda(at::TensorIteratorBase&)::{lambda()#2}::operator()() const::{lambda()#2}::operator()() const::{lambda(float)#1}, at::detail::Array<char*, 2> >(int, at::native::cos_kernel_cuda(at::TensorIteratorBase&)::{lambda()#2}::operator()() const::{lambda()#2}::operator()() const::{lambda(float)#1}, at::detail::Array<char*, 2>) [clone .kd]",1,6450,6450,5.521331782286093e-06
"void at::native::(anonymous namespace)::CatArrayBatchedCopy_contig<at::native::(anonymous namespace)::OpaqueType<4u>, unsigned int, 2, 128, 1>(at::native::(anonymous namespace)::OpaqueType<4u>*, at::native::(anonymous namespace)::CatArrInputTensorMetadata<at::native::(anonymous namespace)::OpaqueType<4u>, unsigned int, 128, 1>, at::native::(anonymous namespace)::TensorSizeStride<unsigned int, 4u>, int, unsigned int) [clone .kd]",1,6409,6409,5.486234944600244e-06
"void at::native::modern::elementwise_kernel<at::native::sin_kernel_cuda(at::TensorIteratorBase&)::{lambda()#2}::operator()() const::{lambda()#2}::operator()() const::{lambda(float)#1}, at::detail::Array<char*, 2> >(int, at::native::sin_kernel_cuda(at::TensorIteratorBase&)::{lambda()#2}::operator()() const::{lambda()#2}::operator()() const::{lambda(float)#1}, at::detail::Array<char*, 2>) [clone .kd]",1,6370,6370,5.4528501477771184e-06
"void at::native::legacy::elementwise_kernel<512, 1, at::native::gpu_kernel_impl<at::native::direct_copy_kernel_cuda(at::TensorIteratorBase&)::{lambda()#3}::operator()() const::{lambda()#12}::operator()() const::{lambda(c10::BFloat16)#1}>(at::TensorIteratorBase&, at::native::direct_copy_kernel_cuda(at::TensorIteratorBase&)::{lambda()#3}::operator()() const::{lambda()#12}::operator()() const::{lambda(c10::BFloat16)#1} const&)::{lambda(int)#1}>(int, at::native::gpu_kernel_impl<at::native::direct_copy_kernel_cuda(at::TensorIteratorBase&)::{lambda()#3}::operator()() const::{lambda()#12}::operator()() const::{lambda(c10::BFloat16)#1}>(at::TensorIteratorBase&, at::native::direct_copy_kernel_cuda(at::TensorIteratorBase&)::{lambda()#3}::operator()() const::{lambda()#12}::operator()() const::{lambda(c10::BFloat16)#1} const&)::{lambda(int)#1}) [clone .kd]",1,6330,6330,5.418609330522631e-06
"void at::native::legacy::elementwise_kernel<512, 1, at::native::gpu_kernel_impl<at::native::FillFunctor<bool> >(at::TensorIteratorBase&, at::native::FillFunctor<bool> const&)::{lambda(int)#2}>(int, at::native::gpu_kernel_impl<at::native::FillFunctor<bool> >(at::TensorIteratorBase&, at::native::FillFunctor<bool> const&)::{lambda(int)#2}) [clone .kd]",1,4807,4807,4.114890213558024e-06
"void at::native::modern::elementwise_kernel<at::native::CUDAFunctorOnOther_add<long>, at::detail::Array<char*, 2> >(int, at::native::CUDAFunctorOnOther_add<long>, at::detail::Array<char*, 2>) [clone .kd]",1,4807,4807,4.114890213558024e-06
"void at::native::modern::elementwise_kernel<at::native::CUDAFunctorOnOther_add<c10::BFloat16>, at::detail::Array<char*, 2> >(int, at::native::CUDAFunctorOnOther_add<c10::BFloat16>, at::detail::Array<char*, 2>) [clone .kd]",1,4727,4727,4.046408579049049e-06
"void at::native::modern::elementwise_kernel<at::native::BUnaryFunctor<float, float, float, at::native::binary_internal::MulFunctor<float> >, at::detail::Array<char*, 2> >(int, at::native::BUnaryFunctor<float, float, float, at::native::binary_internal::MulFunctor<float> >, at::detail::Array<char*, 2>) [clone .kd]",1,3565,3565,3.0517128378061897e-06
"void at::native::legacy::elementwise_kernel<128, 4, at::native::gpu_kernel_impl<at::native::FillFunctor<double> >(at::TensorIteratorBase&, at::native::FillFunctor<double> const&)::{lambda(int)#4}>(int, at::native::gpu_kernel_impl<at::native::FillFunctor<double> >(at::TensorIteratorBase&, at::native::FillFunctor<double> const&)::{lambda(int)#4}) [clone .kd]",1,3285,3285,2.8120271170247778e-06
"void at::native::modern::elementwise_kernel<at::native::reciprocal_kernel_cuda(at::TensorIteratorBase&)::{lambda()#1}::operator()() const::{lambda()#2}::operator()() const::{lambda(float)#1}, at::detail::Array<char*, 2> >(int, at::native::reciprocal_kernel_cuda(at::TensorIteratorBase&)::{lambda()#1}::operator()() const::{lambda()#2}::operator()() const::{lambda(float)#1}, at::detail::Array<char*, 2>) [clone .kd]",1,3084,3084,2.6399670103209786e-06
"void at::native::modern::elementwise_kernel<at::native::AUnaryFunctor<float, float, float, at::native::binary_internal::MulFunctor<float> >, at::detail::Array<char*, 2> >(int, at::native::AUnaryFunctor<float, float, float, at::native::binary_internal::MulFunctor<float> >, at::detail::Array<char*, 2>) [clone .kd]",1,2443,2443,2.0912579138178183e-06
